url,nombre1
https://www.bcn.cl/historiapolitica/resenas_parlamentarias/wiki/Marcos_Aurelio_Aburto_Ochoa,Aburto Ochoa Marcos Aurelio
https://www.bcn.cl/historiapolitica/resenas_parlamentarias/wiki/Enrique_Accorsi_Opazo,Accorsi Opazo Enrique
https://www.bcn.cl/historiapolitica/resenas_parlamentarias/wiki/María_Candelaria_Acevedo_Sáez,Acevedo Saez María Candelaria
https://www.bcn.cl/historiapolitica/resenas_parlamentarias/wiki/Mario_Alberto_Acuña_Cisternas,Acuña Cisternas Mario Alberto
https://www.bcn.cl/historiapolitica/resenas_parlamentarias/wiki/Eric_Aedo_Jeldres,Aedo Jeldres Eric Mariano
https://www.bcn.cl/historiapolitica/resenas_parlamentarias/wiki/René_Aedo_Ormeño,Aedo Ormeño René Augusto
https://www.bcn.cl/historiapolitica/resenas_parlamentarias/wiki/Sergio_Aguiló_Melo,Aguiló Melo Sergio
https://www.bcn.cl/historiapolitica/resenas_parlamentarias/wiki/Yovana_Ahumada_Palma,Ahumada Palma Yovana Alejandra
https://www.bcn.cl/historiapolitica/resenas_parlamentarias/wiki/Raúl_Florcita_Alarcón_Rojas,Alarcón Rojas Raúl Florcita
https://www.bcn.cl/historiapolitica/resenas_parlamentarias/wiki/Gustavo_Alessandri_Balmaceda,Alessandri Balmaceda Gustavo
https://www.bcn.cl/historiapolitica/resenas_parlamentarias/wiki/Jorge_Iván_Alessandri_Vergara,Alessandri Vergara Jorge Iván
https://www.bcn.cl/historiapolitica/resenas_parlamentarias/wiki/René_Alinco_Bustos,Alinco Bustos René
https://www.bcn.cl/historiapolitica/resenas_parlamentarias/wiki/Andrés_Allamand_Zavala,Allamand Zavala Andrés
https://www.bcn.cl/historiapolitica/resenas_parlamentarias/wiki/María_Isabel_Allende_Bussi,Allende Bussi María Isabel
https://www.bcn.cl/historiapolitica/resenas_parlamentarias/wiki/Claudio_Alvarado_Andrade,Alvarado Andrade Claudio Patricio
https://www.bcn.cl/historiapolitica/resenas_parlamentarias/wiki/Miguel_Ángel_Alvarado_Ramírez,Alvarado Ramírez Miguel Ángel
https://www.bcn.cl/historiapolitica/resenas_parlamentarias/wiki/Sebastián_Diego_Álvarez_Ramírez,Álvarez Ramírez Sebastián Diego
https://www.bcn.cl/historiapolitica/resenas_parlamentarias/wiki/Pedro_Pablo_Álvarez-Salamanca_Büchi,Álvarez Salamanca Büchi Pedro Pablo
https://www.bcn.cl/historiapolitica/resenas_parlamentarias/wiki/Pedro_Pablo_Álvarez-Salamanca_Ramírez,"Álvarez Salamanca Ramírez, Pedro Pablo"
https://www.bcn.cl/historiapolitica/resenas_parlamentarias/wiki/Jenny_Paola_Álvarez_Vera,Álvarez Vera Jenny Paola
https://www.bcn.cl/historiapolitica/resenas_parlamentarias/wiki/Rodrigo_Alvarez_Zenteno,Álvarez Zenteno Rodrigo
https://www.bcn.cl/historiapolitica/resenas_parlamentarias/wiki/María_Soledad_Alvear_Valenzuela,Alvear Valenzuela María Soledad
https://www.bcn.cl/historiapolitica/resenas_parlamentarias/wiki/Sandra_Haydée_Amar_Mancilla,Amar Mancilla Sandra Haydée
https://www.bcn.cl/historiapolitica/resenas_parlamentarias/wiki/Osvaldo_Raúl_Andrade_Lara,Andrade Lara Osvaldo Raúl
https://www.bcn.cl/historiapolitica/resenas_parlamentarias/wiki/Armando_Arancibia_Calderón,Arancibia Calderón Armando
https://www.bcn.cl/historiapolitica/resenas_parlamentarias/wiki/Jorge_Patricio_Arancibia_Reyes,Arancibia Reyes Jorge Patricio
https://www.bcn.cl/historiapolitica/resenas_parlamentarias/wiki/Carmen_Gloria_Aravena_Acuña,Aravena Acuña Carmen Gloria
https://www.bcn.cl/historiapolitica/resenas_parlamentarias/wiki/Nicanor_De_la_Cruz_Araya,Araya  Nicanor
https://www.bcn.cl/historiapolitica/resenas_parlamentarias/wiki/Jaime_Araya_Guerrero,Araya Guerrero Jaime Rafael Ricardo
https://www.bcn.cl/historiapolitica/resenas_parlamentarias/wiki/Pedro_Araya_Guerrero,Araya Guerrero Pedro
https://www.bcn.cl/historiapolitica/resenas_parlamentarias/wiki/Cristián_Araya_Lerdo_de_Tejada,Araya Lerdo de Tejada Cristián Andrés
https://www.bcn.cl/historiapolitica/resenas_parlamentarias/wiki/Mónica_Arce_Castro,Arce Castro Monica Tamara
https://www.bcn.cl/historiapolitica/resenas_parlamentarias/wiki/Gonzalo_Arenas_Hödar,Arenas Hodar Gonzalo
https://www.bcn.cl/historiapolitica/resenas_parlamentarias/wiki/Rafael_Arratia_Valdebenito,Arratia Valdebenito Rafael
https://www.bcn.cl/historiapolitica/resenas_parlamentarias/wiki/Claudio_Eugenio_Arriagada_Macaya,Arriagada Macaya Claudio Eugenio
https://www.bcn.cl/historiapolitica/resenas_parlamentarias/wiki/Roberto_Arroyo_Muñoz,Arroyo Muñoz Roberto Enrique
https://www.bcn.cl/historiapolitica/resenas_parlamentarias/wiki/Gabriel_Ascencio_Mansilla,Ascencio Mansilla Gabriel
https://www.bcn.cl/historiapolitica/resenas_parlamentarias/wiki/Danisa_Astudillo_Peiretti,Astudillo Pieretti Danisa Alejandra
https://www.bcn.cl/historiapolitica/resenas_parlamentarias/wiki/Pepe_Auth_Stewart,Auth Stewart Pepe
https://www.bcn.cl/historiapolitica/resenas_parlamentarias/wiki/Nelson_Jaime_Ávila_Contreras,Ávila Contreras Nelson Jaime
https://www.bcn.cl/historiapolitica/resenas_parlamentarias/wiki/Mariana_Aylwin_Oyarzún,Aylwin Oyarzún Mariana
https://www.bcn.cl/historiapolitica/resenas_parlamentarias/wiki/Ignacio_Balbontín_Arteaga,Balbontín Arteaga Ignacio
https://www.bcn.cl/historiapolitica/resenas_parlamentarias/wiki/Nino_Baltolu_Rasera,Baltolu Rasera Nino
https://www.bcn.cl/historiapolitica/resenas_parlamentarias/wiki/Chiara_Barchiesi_Chávez,Barchiesi Chávez Chiara Natalia
https://www.bcn.cl/historiapolitica/resenas_parlamentarias/wiki/Boris_Anthony_Barrera_Moreno,Barrera Moreno Boris Anthony
https://www.bcn.cl/historiapolitica/resenas_parlamentarias/wiki/Ramón_José_Barros_Montero,Barros Montero Ramón  José
https://www.bcn.cl/historiapolitica/resenas_parlamentarias/wiki/Héctor_Barría_Angulo,Barría Angulo Héctor
https://www.bcn.cl/historiapolitica/resenas_parlamentarias/wiki/Francisco_Bartolucci_Johnston,Bartolucci Johnston Mario Francisco
https://www.bcn.cl/historiapolitica/resenas_parlamentarias/wiki/Eugenio_Bauer_Jouanne,Bauer Jouanne Eugenio
https://www.bcn.cl/historiapolitica/resenas_parlamentarias/wiki/Francisco_Leandro_Bayo_Veloso,Bayo Veloso Francisco Leandro
https://www.bcn.cl/historiapolitica/resenas_parlamentarias/wiki/Germán_Becker_Alvear,Becker Alvear Germán
https://www.bcn.cl/historiapolitica/resenas_parlamentarias/wiki/Miguel_Becker_Alvear,Becker Alvear Miguel
https://www.bcn.cl/historiapolitica/resenas_parlamentarias/wiki/María_Francisca_Bello_Campos,Bello Campos María Francisca
https://www.bcn.cl/historiapolitica/resenas_parlamentarias/wiki/Jaime_Andrés_Bellolio_Avaria,Bellolio Avaria Jaime Andrés
https://www.bcn.cl/historiapolitica/resenas_parlamentarias/wiki/Juan_Beltrán_Silva,Beltrán Silva Juan Carlos
https://www.bcn.cl/historiapolitica/resenas_parlamentarias/wiki/Gustavo_Benavente_Vergara,Benavente Vergara Gustavo Adolfo Alberto
https://www.bcn.cl/historiapolitica/resenas_parlamentarias/wiki/Bernardo_José_Berger_Fett,Berger Fett Bernardo José
https://www.bcn.cl/historiapolitica/resenas_parlamentarias/wiki/Alejandro_Javier_Bernales_Maldonado,Bernales Maldonado Alejandro Javier
https://www.bcn.cl/historiapolitica/resenas_parlamentarias/wiki/Mario_Bertolino_Rendic,Bertolino Rendic Mario
https://www.bcn.cl/historiapolitica/resenas_parlamentarias/wiki/Carlos_Antonio_Karim_Bianchi_Chelech,Bianchi Chelech Carlos Antonio Karim
https://www.bcn.cl/historiapolitica/resenas_parlamentarias/wiki/Karim_Antonio_Bianchi_Retamales,Bianchi Retamales Karim Antonio
https://www.bcn.cl/historiapolitica/resenas_parlamentarias/wiki/Sergio_Bitar_Chacra,Bitar Chacra Sergio
https://www.bcn.cl/historiapolitica/resenas_parlamentarias/wiki/Sergio_Enrique_Bobadilla_Muñoz,Bobadilla Muñoz Sergio Enrique
https://www.bcn.cl/historiapolitica/resenas_parlamentarias/wiki/Edgardo_Boeninger_Kausel,Boeninger Kausel Edgardo
https://www.bcn.cl/historiapolitica/resenas_parlamentarias/wiki/Carlos_Bombal_Otaegui,Bombal Otaegui Carlos
https://www.bcn.cl/historiapolitica/resenas_parlamentarias/wiki/Gabriel_Boric_Font,Boric Font Gabriel
https://www.bcn.cl/historiapolitica/resenas_parlamentarias/wiki/Carlos_Hernán_Bosselin_Correa,Bosselin Correa Carlos Hernán
https://www.bcn.cl/historiapolitica/resenas_parlamentarias/wiki/Ana_María_Bravo_Castro,Bravo Castro Ana María
https://www.bcn.cl/historiapolitica/resenas_parlamentarias/wiki/Marta_Bravo_Salinas,Bravo Salinas Marta Pilar
https://www.bcn.cl/historiapolitica/resenas_parlamentarias/wiki/Jorge_Elías_Brito_Hasbún,Brito Hasbún Jorge Elías
https://www.bcn.cl/historiapolitica/resenas_parlamentarias/wiki/Pedro_Pablo_Browne_Urrejola,Browne Urrejola Pedro Pablo
https://www.bcn.cl/historiapolitica/resenas_parlamentarias/wiki/Félix_Bugueño_Sotelo,Bugueño Sotelo Félix Elliot
https://www.bcn.cl/historiapolitica/resenas_parlamentarias/wiki/María_Mercedes_Bulnes_Núñez,Bulnes Núñez María Mercedes
https://www.bcn.cl/historiapolitica/resenas_parlamentarias/wiki/Jorge_Burgos_Varela,Burgos Varela Jorge
https://www.bcn.cl/historiapolitica/resenas_parlamentarias/wiki/Manuel_Antonio_Bustos_Huerta,Bustos Huerta Manuel Antonio
https://www.bcn.cl/historiapolitica/resenas_parlamentarias/wiki/Juan_José_Bustos_Ramírez,Bustos Ramírez Juan José
https://www.bcn.cl/historiapolitica/resenas_parlamentarias/wiki/Fernando_Bórquez_Montecinos,Bórquez Montecinos Fernando Héctor
https://www.bcn.cl/historiapolitica/resenas_parlamentarias/wiki/Rolando_Calderón_Aránguiz,Calderón Aránguiz Rolando
https://www.bcn.cl/historiapolitica/resenas_parlamentarias/wiki/Giovanni_Oscar_Calderón_Bassi,Calderón Bassi Giovanni Oscar
https://www.bcn.cl/historiapolitica/resenas_parlamentarias/wiki/Miguel_Ángel_Calisto_Águila,Calisto Águila Miguel Ángel
https://www.bcn.cl/historiapolitica/resenas_parlamentarias/wiki/Felipe_Camaño_Cárdenas,Camaño Cárdenas Luis Felipe Ignacio
https://www.bcn.cl/historiapolitica/resenas_parlamentarias/wiki/Carlos_Caminondo_Sáez,Caminondo Sáez Carlos
https://www.bcn.cl/historiapolitica/resenas_parlamentarias/wiki/Fabiola_Campillai_Rojas,Campillai Rojas Fabiola Andrea
https://www.bcn.cl/historiapolitica/resenas_parlamentarias/wiki/Carlos_Cristian_Campos_Jara,Campos Jara Carlos Cristian
https://www.bcn.cl/historiapolitica/resenas_parlamentarias/wiki/Jaime_Campos_Quiroga,Campos Quiroga Jaime
https://www.bcn.cl/historiapolitica/resenas_parlamentarias/wiki/Julio_Canessa_Robert,Canessa Robert Julio
https://www.bcn.cl/historiapolitica/resenas_parlamentarias/wiki/Carlos_Cantero_Ojeda,Cantero Ojeda Carlos
https://www.bcn.cl/historiapolitica/resenas_parlamentarias/wiki/Eugenio_Cantuarias_Larrondo,Cantuarias Larrondo Eugenio Gustavo
https://www.bcn.cl/historiapolitica/resenas_parlamentarias/wiki/Eliana_Caraball_Martínez,Caraball Martínez Eliana
https://www.bcn.cl/historiapolitica/resenas_parlamentarias/wiki/Alberto_Eugenio_Cardemil_Herrera,Cardemil Herrera Alberto Eugenio
https://www.bcn.cl/historiapolitica/resenas_parlamentarias/wiki/Marco_Antonio_Cariola_Barroilhet,Cariola Barroilhet Marco Antonio
https://www.bcn.cl/historiapolitica/resenas_parlamentarias/wiki/Karol_Aída_Cariola_Oliva,Cariola Oliva Karol Aída
https://www.bcn.cl/historiapolitica/resenas_parlamentarias/wiki/Lautaro_Carmona_Soto,Carmona Soto Lautaro César
https://www.bcn.cl/historiapolitica/resenas_parlamentarias/wiki/Álvaro_Jorge_Carter_Fernández,Carter Fernández Álvaro Jorge
https://www.bcn.cl/historiapolitica/resenas_parlamentarias/wiki/María_Loreto_Carvajal_Ambiado,Carvajal Ambiado María Loreto
https://www.bcn.cl/historiapolitica/resenas_parlamentarias/wiki/Natalia_Valentina_Castillo_Muñoz,Castillo Muñoz Natalia Valentina
https://www.bcn.cl/historiapolitica/resenas_parlamentarias/wiki/Nathalie_Castillo_Rojas,Castillo Rojas Irene Nathalie
https://www.bcn.cl/historiapolitica/resenas_parlamentarias/wiki/José_Miguel_Castro_Bascuñán,Castro Bascuñán José Miguel
https://www.bcn.cl/historiapolitica/resenas_parlamentarias/wiki/Juan_Luis_Castro_González,Castro González Juan Luis
https://www.bcn.cl/historiapolitica/resenas_parlamentarias/wiki/Juan_Enrique_Castro_Prieto,Castro Prieto Juan Enrique
https://www.bcn.cl/historiapolitica/resenas_parlamentarias/wiki/Ricardo_Patricio_Celis_Araya,Celis Araya Ricardo Patricio
https://www.bcn.cl/historiapolitica/resenas_parlamentarias/wiki/Andrés_Celis_Montt,Celis Montt Andrés
https://www.bcn.cl/historiapolitica/resenas_parlamentarias/wiki/Guillermo_Ceroni_Fuentes,Ceroni Fuentes Guillermo
https://www.bcn.cl/historiapolitica/resenas_parlamentarias/wiki/Andrés_Pío_Bernardino_Chadwick_Piñera,Chadwick Piñera Andrés Pío Bernardino
https://www.bcn.cl/historiapolitica/resenas_parlamentarias/wiki/Fuad_Eduardo_Chahin_Valenzuela,Chahin Valenzuela Fuad Eduardo
https://www.bcn.cl/historiapolitica/resenas_parlamentarias/wiki/Francisco_Chahuán_Chahuán,Chahuán Chahuán Francisco
https://www.bcn.cl/historiapolitica/resenas_parlamentarias/wiki/Marcelo_Omar_Chávez_Velásquez,Chávez Velásquez Marcelo Omar
https://www.bcn.cl/historiapolitica/resenas_parlamentarias/wiki/Daniella_Valentina_Cicardini_Milla,Cicardini Milla Daniella Valentina
https://www.bcn.cl/historiapolitica/resenas_parlamentarias/wiki/Sofía_Slovena_Cid_Versalovic,Cid Versalovic Sofía Slovena
https://www.bcn.cl/historiapolitica/resenas_parlamentarias/wiki/Ricardo_Cifuentes_Lillo,Cifuentes Lillo Ricardo Óscar
https://www.bcn.cl/historiapolitica/resenas_parlamentarias/wiki/Juan_Antonio_Coloma_Álamos,Coloma Álamos Juan Antonio
https://www.bcn.cl/historiapolitica/resenas_parlamentarias/wiki/Juan_Antonio_Coloma_Correa,Coloma Correa Juan Antonio
https://www.bcn.cl/historiapolitica/resenas_parlamentarias/wiki/Sara_Concha_Smith,Concha Smith Sara Nicol
https://www.bcn.cl/historiapolitica/resenas_parlamentarias/wiki/Juan_Concha_Urbina,Concha Urbina Juan
https://www.bcn.cl/historiapolitica/resenas_parlamentarias/wiki/Alberto_Cooper_Valencia,Cooper Valencia Alberto
https://www.bcn.cl/historiapolitica/resenas_parlamentarias/wiki/Fernando_Cordero_Rusque,Cordero Rusque Fernando
https://www.bcn.cl/historiapolitica/resenas_parlamentarias/wiki/María_Luisa_Cordero_Velásquez,Cordero Velásquez María Luisa
https://www.bcn.cl/historiapolitica/resenas_parlamentarias/wiki/Aldo_Cornejo_González,Cornejo González Aldo
https://www.bcn.cl/historiapolitica/resenas_parlamentarias/wiki/Eduardo_Cornejo_Lagos,Cornejo Lagos Eduardo Alejandro
https://www.bcn.cl/historiapolitica/resenas_parlamentarias/wiki/Patricio_Cornejo_Vidaurrázaga,Cornejo Vidaurrázaga Patricio
https://www.bcn.cl/historiapolitica/resenas_parlamentarias/wiki/Sergio_Correa_de_la_Cerda,Correa de la Cerda Sergio
https://www.bcn.cl/historiapolitica/resenas_parlamentarias/wiki/Miguel_Ernesto_Crispi_Serrano,Crispi Serrano Miguel Ernesto
https://www.bcn.cl/historiapolitica/resenas_parlamentarias/wiki/María_Angélica_Cristi_Marfil,Cristi Marfil María Angélica
https://www.bcn.cl/historiapolitica/resenas_parlamentarias/wiki/Luciano_Cruz_Coke_Carvallo,Cruz Coke Carvallo Luciano
https://www.bcn.cl/historiapolitica/resenas_parlamentarias/wiki/Marcela_Cubillos_Sigall,Cubillos Sigall Marcela
https://www.bcn.cl/historiapolitica/resenas_parlamentarias/wiki/Luis_Cuello_Peña_y_Lillo,Cuello Peña y Lillo Luis Alberto
https://www.bcn.cl/historiapolitica/resenas_parlamentarias/wiki/Nora_Cuevas_Contreras,Cuevas Contreras María Nora
https://www.bcn.cl/historiapolitica/resenas_parlamentarias/wiki/Gonzalo_De_La_Carrera_Correa,De La Carrera Correa Gonzalo Armando
https://www.bcn.cl/historiapolitica/resenas_parlamentarias/wiki/Felipe_De_Mussy_Hiriart,De Mussy Hiriart Felipe
https://www.bcn.cl/historiapolitica/resenas_parlamentarias/wiki/Tomás_De_Rementería_Venegas,De Rementería Venegas Tomás Eguzki
https://www.bcn.cl/historiapolitica/resenas_parlamentarias/wiki/Alfonso_Arturo_De_Urresti_Longton,De Urresti Longton Alfonso Arturo
https://www.bcn.cl/historiapolitica/resenas_parlamentarias/wiki/Iván_De_la_Maza_Maillet,De la Maza Maillet Iván
https://www.bcn.cl/historiapolitica/resenas_parlamentarias/wiki/María_Catalina_Del_Real_Mihovilovic,Del Real Mihovilovic María Catalina
https://www.bcn.cl/historiapolitica/resenas_parlamentarias/wiki/Viviana_Delgado_Riquelme,Delgado Riquelme Viviana Soledad
https://www.bcn.cl/historiapolitica/resenas_parlamentarias/wiki/Roberto_Delmastro_Naso,Delmastro Naso Roberto
https://www.bcn.cl/historiapolitica/resenas_parlamentarias/wiki/Mario_Guillermo_Desbordes_Jiménez,Desbordes Jiménez Mario Guillermo
https://www.bcn.cl/historiapolitica/resenas_parlamentarias/wiki/Mario_Devaud_Ojeda,Devaud Ojeda Mario
https://www.bcn.cl/historiapolitica/resenas_parlamentarias/wiki/Julio_Dittborn_Cordua,Dittborn Cordua Julio
https://www.bcn.cl/historiapolitica/resenas_parlamentarias/wiki/Felipe_Donoso_Castro,Donoso Castro Felipe Guillermo
https://www.bcn.cl/historiapolitica/resenas_parlamentarias/wiki/Gonzalo_Duarte_Leiva,Duarte Leiva Gonzalo
https://www.bcn.cl/historiapolitica/resenas_parlamentarias/wiki/Jorge_Andrés_Durán_Espinoza,Durán Espinoza Jorge Andrés
https://www.bcn.cl/historiapolitica/resenas_parlamentarias/wiki/Eduardo_Alfredo_Durán_Salinas,Durán Salinas Eduardo Alfredo
https://www.bcn.cl/historiapolitica/resenas_parlamentarias/wiki/José_Miguel_Alberto_Durana_Semir,Durana Semir José Miguel Alberto
https://www.bcn.cl/historiapolitica/resenas_parlamentarias/wiki/Marcelo_Eduardo_Díaz_Díaz,Díaz Díaz Marcelo Eduardo
https://www.bcn.cl/historiapolitica/resenas_parlamentarias/wiki/Nicolás_Díaz_Sánchez,Díaz Sánchez Nicolás
https://www.bcn.cl/historiapolitica/resenas_parlamentarias/wiki/Eduardo_Díaz_del_Río,Díaz del Río Eduardo José Antonio
https://www.bcn.cl/historiapolitica/resenas_parlamentarias/wiki/Luz_Eliana_Ebensperger_Orrego,Ebensperger Orrego Luz Eliana
https://www.bcn.cl/historiapolitica/resenas_parlamentarias/wiki/José_Manuel_Rojo_Edwards_Silva,Edwards Silva José Manuel Rojo
https://www.bcn.cl/historiapolitica/resenas_parlamentarias/wiki/Andrés_Antonio_Egaña_Respaldiza,Egaña Respaldiza Andrés Antonio
https://www.bcn.cl/historiapolitica/resenas_parlamentarias/wiki/Francisco_de_Borja_Eguiguren_Correa,Eguiguren Correa Francisco
https://www.bcn.cl/historiapolitica/resenas_parlamentarias/wiki/Sergio_Benedicto_Elgueta_Barrientos,Elgueta Barrientos Sergio Benedicto
https://www.bcn.cl/historiapolitica/resenas_parlamentarias/wiki/Ramón_Elizalde_Hevia,Elizalde Hevia Ramón Julio
https://www.bcn.cl/historiapolitica/resenas_parlamentarias/wiki/Álvaro_Antonio_Elizalde_Soto,Elizalde Soto Álvaro Antonio
https://www.bcn.cl/historiapolitica/resenas_parlamentarias/wiki/Edmundo_Eluchans_Urenda,Eluchans Urenda Edmundo
https://www.bcn.cl/historiapolitica/resenas_parlamentarias/wiki/José_Francisco_Encina_Moriamez,Encina Moriamez José Francisco
https://www.bcn.cl/historiapolitica/resenas_parlamentarias/wiki/Marco_Antonio_Enríquez-Ominami_Gumucio,Enríquez-Ominami Gumucio Marco Antonio
https://www.bcn.cl/historiapolitica/resenas_parlamentarias/wiki/Francisco_Javier_Errázuriz_Talavera,Errázuriz Talavera Francisco Javier
https://www.bcn.cl/historiapolitica/resenas_parlamentarias/wiki/Camilo_Escalona_Medina,Escalona Medina Camilo
https://www.bcn.cl/historiapolitica/resenas_parlamentarias/wiki/Álvaro_Escobar_Rufatt,Escobar Rufatt Álvaro
https://www.bcn.cl/historiapolitica/resenas_parlamentarias/wiki/Mario_Escobar_Urbina,Escobar Urbina Mario
https://www.bcn.cl/historiapolitica/resenas_parlamentarias/wiki/Sergio_Espejo_Yaksic,Espejo Yaksic Sergio
https://www.bcn.cl/historiapolitica/resenas_parlamentarias/wiki/Alberto_Espina_Otero,Espina Otero Alberto
https://www.bcn.cl/historiapolitica/resenas_parlamentarias/wiki/Marcos_Espinosa_Monardes,Espinosa Monardes Marcos
https://www.bcn.cl/historiapolitica/resenas_parlamentarias/wiki/Fidel_Edgardo_Espinoza_Sandoval,Espinoza Sandoval Fidel Edgardo
https://www.bcn.cl/historiapolitica/resenas_parlamentarias/wiki/Enrique_Estay_Peñaloza,Estay Peñaloza Enrique
https://www.bcn.cl/historiapolitica/resenas_parlamentarias/wiki/Jaime_Estévez_Valencia,Estévez Valencia Jaime
https://www.bcn.cl/historiapolitica/resenas_parlamentarias/wiki/Ángel_Fantuzzi_Hernández,Fantuzzi Hernández Ángel
https://www.bcn.cl/historiapolitica/resenas_parlamentarias/wiki/Daniel_Alejandro_Farcas_Guendelman,Farcas Guendelman Daniel Alejandro
https://www.bcn.cl/historiapolitica/resenas_parlamentarias/wiki/Ramón_Farías_Ponce,Farías Ponce Ramón
https://www.bcn.cl/historiapolitica/resenas_parlamentarias/wiki/Dionisio_Ventura_Faulbaum_Mayorga,Faulbaum Mayorga Dionisio Ventura
https://www.bcn.cl/historiapolitica/resenas_parlamentarias/wiki/Olga_Feliú_Segovia,Feliú Segovia Olga
https://www.bcn.cl/historiapolitica/resenas_parlamentarias/wiki/Maya_Alejandra_Fernández_Allende,Fernández Allende Maya Alejandra
https://www.bcn.cl/historiapolitica/resenas_parlamentarias/wiki/Sergio_Fernández_Fernández,Fernández Fernández Sergio Ramiro
https://www.bcn.cl/historiapolitica/resenas_parlamentarias/wiki/Luis_Valentín_Ferrada_Valenzuela,Ferrada Valenzuela Luis Valentín
https://www.bcn.cl/historiapolitica/resenas_parlamentarias/wiki/Iván_Alberto_Flores_García,Flores García Iván Alberto
https://www.bcn.cl/historiapolitica/resenas_parlamentarias/wiki/Carlos_Fernando_Flores_Labra,Flores Labra Carlos Fernando
https://www.bcn.cl/historiapolitica/resenas_parlamentarias/wiki/Camila_Alejandra_Flores_Oporto,Flores Oporto Camila Alejandra
https://www.bcn.cl/historiapolitica/resenas_parlamentarias/wiki/Marcelo_Forni_Lobos,Forni Lobos Marcelo Iván
https://www.bcn.cl/historiapolitica/resenas_parlamentarias/wiki/Haroldo_Fossa_Rojas,Fossa Rojas Haroldo Lincoyán
https://www.bcn.cl/historiapolitica/resenas_parlamentarias/wiki/Alejandro_Tomás_Foxley_Rioseco,Foxley Rioseco Alejandro Tomás
https://www.bcn.cl/historiapolitica/resenas_parlamentarias/wiki/Carmen_Frei_Ruiz-Tagle,Frei Ruiz Tagle Carmen
https://www.bcn.cl/historiapolitica/resenas_parlamentarias/wiki/Eduardo_Frei_Ruiz-Tagle,Frei Ruiz-Tagle Eduardo
https://www.bcn.cl/historiapolitica/resenas_parlamentarias/wiki/Lorena_Fries_Monleón,Fries Monleón Julia Lorena
https://www.bcn.cl/historiapolitica/resenas_parlamentarias/wiki/Francisco_Renán_Fuentealba_Vildósola,Fuentealba Vildósola Francisco Renán
https://www.bcn.cl/historiapolitica/resenas_parlamentarias/wiki/Tomás_Fuentes_Barros,Fuentes Barros Tomás Andrés
https://www.bcn.cl/historiapolitica/resenas_parlamentarias/wiki/Iván_Aladino_Fuentes_Castillo,Fuentes Castillo Iván Aladino
https://www.bcn.cl/historiapolitica/resenas_parlamentarias/wiki/Juan_Manuel_Fuenzalida_Cobo,Fuenzalida Cobo Juan Manuel
https://www.bcn.cl/historiapolitica/resenas_parlamentarias/wiki/Gonzalo_Guillermo_Fuenzalida_Figueroa,Fuenzalida Figueroa Gonzalo Guillermo
https://www.bcn.cl/historiapolitica/resenas_parlamentarias/wiki/Sergio_Alfredo_Gahona_Salazar,Gahona Salazar Sergio Alfredo
https://www.bcn.cl/historiapolitica/resenas_parlamentarias/wiki/Rubén_Gajardo_Chacón,Gajardo Chacón Rubén
https://www.bcn.cl/historiapolitica/resenas_parlamentarias/wiki/Pablo_Galilea_Carrillo,Galilea Carrillo Pablo
https://www.bcn.cl/historiapolitica/resenas_parlamentarias/wiki/Rodrigo_Galilea_Vial,Galilea Vial Rodrigo
https://www.bcn.cl/historiapolitica/resenas_parlamentarias/wiki/José_Antonio_Galilea_Vidaurre,Galilea Vidaurre José Antonio
https://www.bcn.cl/historiapolitica/resenas_parlamentarias/wiki/Ramón_Ernesto_Galleguillos_Castillo,Galleguillos Castillo Ramón Ernesto
https://www.bcn.cl/historiapolitica/resenas_parlamentarias/wiki/René_Manuel_García_García,García García René Manuel
https://www.bcn.cl/historiapolitica/resenas_parlamentarias/wiki/Alejandro_García-Huidobro_Sanfuentes,García Huidobro Sanfuentes Alejandro
https://www.bcn.cl/historiapolitica/resenas_parlamentarias/wiki/José_Gilberto_García_Ruminot,García Ruminot José
https://www.bcn.cl/historiapolitica/resenas_parlamentarias/wiki/Renato_Fabrizio_Garín_González,Garín González Renato Fabrizio
https://www.bcn.cl/historiapolitica/resenas_parlamentarias/wiki/María_José_Gatica_Bertín,Gatica Bertín María José
https://www.bcn.cl/historiapolitica/resenas_parlamentarias/wiki/Jaime_Gazmuri_Mujica,Gazmuri Mujica Jaime
https://www.bcn.cl/historiapolitica/resenas_parlamentarias/wiki/Ana_María_Gazmuri_Vieira,Gazmuri Vieira Ana María
https://www.bcn.cl/historiapolitica/resenas_parlamentarias/wiki/Andrés_Giordano_Salazar,Giordano Salazar Andrés Sergio
https://www.bcn.cl/historiapolitica/resenas_parlamentarias/wiki/Guido_Girardi_Brière,Girardi Brière Guido
https://www.bcn.cl/historiapolitica/resenas_parlamentarias/wiki/Cristina_Girardi_Lavín,Girardi Lavín Cristina
https://www.bcn.cl/historiapolitica/resenas_parlamentarias/wiki/Guido_Girardi_Lavín,Girardi Lavín Guido
https://www.bcn.cl/historiapolitica/resenas_parlamentarias/wiki/Joaquín_Godoy_Ibáñez,Godoy Ibañez Joaquín
https://www.bcn.cl/historiapolitica/resenas_parlamentarias/wiki/Carolina_Goic_Boroevic,Goic Boroevic Carolina
https://www.bcn.cl/historiapolitica/resenas_parlamentarias/wiki/Félix_Marcelo_González_Gatica,González Gatica Félix Marcelo
https://www.bcn.cl/historiapolitica/resenas_parlamentarias/wiki/Carlos_González_Márquez,González Márquez Carlos
https://www.bcn.cl/historiapolitica/resenas_parlamentarias/wiki/Marta_González_Olea,González Olea Marta América
https://www.bcn.cl/historiapolitica/resenas_parlamentarias/wiki/José_Luis_González_Rodríguez,González Rodríguez José Luis
https://www.bcn.cl/historiapolitica/resenas_parlamentarias/wiki/Rosa_González_Román,González Román Rosa Orfilia
https://www.bcn.cl/historiapolitica/resenas_parlamentarias/wiki/Rodrigo_René_González_Torres,González Torres Rodrigo
https://www.bcn.cl/historiapolitica/resenas_parlamentarias/wiki/Mauro_González_Villarroel,González Villarroel Mauro Daniel
https://www.bcn.cl/historiapolitica/resenas_parlamentarias/wiki/Alejandro_René_Eleodoro_Guillier_Álvarez,Guillier Álvarez Alejandro René Eleodoro
https://www.bcn.cl/historiapolitica/resenas_parlamentarias/wiki/Hugo_Humberto_Gutiérrez_Gálvez,Gutiérrez Gálvez Hugo Humberto
https://www.bcn.cl/historiapolitica/resenas_parlamentarias/wiki/Romilio_Gutiérrez_Pino,Gutiérrez Pino Romilio
https://www.bcn.cl/historiapolitica/resenas_parlamentarias/wiki/Homero_Gutiérrez_Román,Gutiérrez Román Homero
https://www.bcn.cl/historiapolitica/resenas_parlamentarias/wiki/José_Pedro_Guzmán_Álvarez,Guzmán Álvarez José Pedro
https://www.bcn.cl/historiapolitica/resenas_parlamentarias/wiki/Jaime_Guzmán_Errázuriz,Guzmán Errázuriz Jaime
https://www.bcn.cl/historiapolitica/resenas_parlamentarias/wiki/María_Pía_Guzmán_Mena,Guzmán Mena María Pía
https://www.bcn.cl/historiapolitica/resenas_parlamentarias/wiki/Jorge_Guzmán_Zepeda,Guzmán Zepeda Jorge Enrique
https://www.bcn.cl/historiapolitica/resenas_parlamentarias/wiki/José_Antonio_Gómez_Urrutia,Gómez Urrutia José Antonio
https://www.bcn.cl/historiapolitica/resenas_parlamentarias/wiki/Patricio_Alejandro_Hales_Dib,Hales Dib Patricio Alejandro
https://www.bcn.cl/historiapolitica/resenas_parlamentarias/wiki/Felipe_Harboe_Bascuñán,Harboe Bascuñán Felipe
https://www.bcn.cl/historiapolitica/resenas_parlamentarias/wiki/Gustavo_Hasbún_Selume,Hasbún Selume Gustavo
https://www.bcn.cl/historiapolitica/resenas_parlamentarias/wiki/Javier_Ricardo_Hernández_Hernández,Hernández Hernández Javier Ricardo
https://www.bcn.cl/historiapolitica/resenas_parlamentarias/wiki/Miguel_Hernández_Saffirio,Hernández Saffirio Miguel
https://www.bcn.cl/historiapolitica/resenas_parlamentarias/wiki/Marcela_Ximena_Hernando_Pérez,Hernando Pérez Marcela Ximena
https://www.bcn.cl/historiapolitica/resenas_parlamentarias/wiki/Amelia_Herrera_Silva,Herrera Silva Amelia
https://www.bcn.cl/historiapolitica/resenas_parlamentarias/wiki/Carmen_Adelaida_Hertz_Cádiz,Hertz Cádiz Carmen
https://www.bcn.cl/historiapolitica/resenas_parlamentarias/wiki/Carlos_Hidalgo_González,Hidalgo González Carlos
https://www.bcn.cl/historiapolitica/resenas_parlamentarias/wiki/Tomás_René_Hirsch_Goldschmidt,Hirsch Goldschmidt Tomás René
https://www.bcn.cl/historiapolitica/resenas_parlamentarias/wiki/María_José_Hoffmann_Opazo,Hoffmann Opazo María José
https://www.bcn.cl/historiapolitica/resenas_parlamentarias/wiki/Antonio_Horvath_Kiss,Horvath Kiss Antonio
https://www.bcn.cl/historiapolitica/resenas_parlamentarias/wiki/Francisco_Huenchumilla_Jaramillo,Huenchumilla Jaramillo Francisco Segundo
https://www.bcn.cl/historiapolitica/resenas_parlamentarias/wiki/Vicente_Enrique_Huerta_Celis,Huerta Celis Vicente Enrique
https://www.bcn.cl/historiapolitica/resenas_parlamentarias/wiki/José_María_Hurtado_Ruiz_Tagle,Hurtado Ruiz Tagle Gerardo José María
https://www.bcn.cl/historiapolitica/resenas_parlamentarias/wiki/Diego_Eduardo_Ibáñez_Cotroneo,Ibáñez Cotroneo Diego Eduardo
https://www.bcn.cl/historiapolitica/resenas_parlamentarias/wiki/Gonzalo_Ibáñez_Santa_María,Ibáñez Santa María Gonzalo José Salvador
https://www.bcn.cl/historiapolitica/resenas_parlamentarias/wiki/Carmen_Ibáñez_Soto,Ibáñez Soto Carmen
https://www.bcn.cl/historiapolitica/resenas_parlamentarias/wiki/Marcos_Artemio_Ilabaca_Cerda,Ilabaca Cerda Marcos Artemio
https://www.bcn.cl/historiapolitica/resenas_parlamentarias/wiki/José_Miguel_Insulza_Salinas,Insulza Salinas José Miguel
https://www.bcn.cl/historiapolitica/resenas_parlamentarias/wiki/Jorge_Insunza_Gregorio_de_Las_Heras,Insunza Gregorio de Las Heras Jorge
https://www.bcn.cl/historiapolitica/resenas_parlamentarias/wiki/Juan_Irarrázaval_Rossel,Irarrázaval Rossel Juan Eduardo
https://www.bcn.cl/historiapolitica/resenas_parlamentarias/wiki/Marta_Eliana_Isasi_Barbieri,Isasi Barbieri Marta Eliana
https://www.bcn.cl/historiapolitica/resenas_parlamentarias/wiki/Kenneth_Giorgio_Jackson_Drago,Jackson Drago Kenneth Giorgio
https://www.bcn.cl/historiapolitica/resenas_parlamentarias/wiki/Sergio_Jara_Catalán,Jara Catalán Sergio Raúl
https://www.bcn.cl/historiapolitica/resenas_parlamentarias/wiki/Octavio_Jara_Wolff,Jara Wolff Octavio
https://www.bcn.cl/historiapolitica/resenas_parlamentarias/wiki/Enrique_Jaramillo_Becker,Jaramillo Becker Enrique
https://www.bcn.cl/historiapolitica/resenas_parlamentarias/wiki/Carlos_Abel_Jarpa_Wevar,Jarpa Wevar Carlos Abel
https://www.bcn.cl/historiapolitica/resenas_parlamentarias/wiki/Víctor_Jeame_Barrueto,Jeame Barrueto Víctor
https://www.bcn.cl/historiapolitica/resenas_parlamentarias/wiki/Pamela_Jiles_Moreno,Jiles Moreno Pamela
https://www.bcn.cl/historiapolitica/resenas_parlamentarias/wiki/Tucapel_Francisco_Jiménez_Fuentes,Jiménez Fuentes Tucapel Francisco
https://www.bcn.cl/historiapolitica/resenas_parlamentarias/wiki/Jaime_Enrique_Jiménez_Villavicencio,Jiménez Villavicencio Jaime Enrique
https://www.bcn.cl/historiapolitica/resenas_parlamentarias/wiki/Tomás_Jocelyn_Holt_Letelier,Jocelyn-Holt Letelier Tomás
https://www.bcn.cl/historiapolitica/resenas_parlamentarias/wiki/Néstor_Jofré_Núñez,Jofré Núñez Néstor
https://www.bcn.cl/historiapolitica/resenas_parlamentarias/wiki/Andrés_Jouannet_Valderrama,Jouannet Valderrama Andrés
https://www.bcn.cl/historiapolitica/resenas_parlamentarias/wiki/Harry_Jurgensen_Caesar,Jurgensen Caesar Harry
https://www.bcn.cl/historiapolitica/resenas_parlamentarias/wiki/Harry_Kurt_Thomas_Jurgensen_Rundshagen,Jurgensen Rundshagen Harry Kurt Thomas
https://www.bcn.cl/historiapolitica/resenas_parlamentarias/wiki/Johannes_Kaiser_Barents-von_Hohenhagen,Kaiser Barents-von Hohenhagen Johannes Maximilian
https://www.bcn.cl/historiapolitica/resenas_parlamentarias/wiki/Vicente_Karelovic_Vrandecic,Karelovic Vrandecic Vicente
https://www.bcn.cl/historiapolitica/resenas_parlamentarias/wiki/José_Antonio_Kast_Rist,Kast Rist José Antonio
https://www.bcn.cl/historiapolitica/resenas_parlamentarias/wiki/Felipe_José_Kast_Sommerhoff,Kast Sommerhoff Felipe José
https://www.bcn.cl/historiapolitica/resenas_parlamentarias/wiki/Pablo_Andrés_Kast_Sommerhoff,Kast Sommerhoff Pablo Andrés
https://www.bcn.cl/historiapolitica/resenas_parlamentarias/wiki/Sebastián_Keitel_Bianchi,Keitel Bianchi Sebastián
https://www.bcn.cl/historiapolitica/resenas_parlamentarias/wiki/Issa_Farid_Kort_Garriga,Kort Garriga Issa Farid
https://www.bcn.cl/historiapolitica/resenas_parlamentarias/wiki/Alejandro_Kusanovic_Glusevic,Kusanovic Glusevic Alejandro Juan
https://www.bcn.cl/historiapolitica/resenas_parlamentarias/wiki/Carlos_Ignacio_Kuschel_Silva,Kuschel Silva Carlos Ignacio
https://www.bcn.cl/historiapolitica/resenas_parlamentarias/wiki/Vladislav_Kuzmicic_Calderón,Kuzmicic Calderón Vladislav
https://www.bcn.cl/historiapolitica/resenas_parlamentarias/wiki/Cristián_Labbé_Martínez,Labbé Martínez Cristián Andrés
https://www.bcn.cl/historiapolitica/resenas_parlamentarias/wiki/Paula_Labra_Besserer,Labra Besserer Paula Camila
https://www.bcn.cl/historiapolitica/resenas_parlamentarias/wiki/Amaro_Jamil_Jesús_Labra_Sepúlveda,Labra Sepúlveda Amaro Jamil Jesús
https://www.bcn.cl/historiapolitica/resenas_parlamentarias/wiki/Tomás_Lagomarsino_Guzmán,Lagomarsino Guzmán Tomás Ignacio
https://www.bcn.cl/historiapolitica/resenas_parlamentarias/wiki/Julio_Lagos_Cosgrove,Lagos Cosgrove Julio
https://www.bcn.cl/historiapolitica/resenas_parlamentarias/wiki/Eduardo_Lagos_Herrera,Lagos Herrera Eduardo
https://www.bcn.cl/historiapolitica/resenas_parlamentarias/wiki/Ricardo_Lagos_Weber,Lagos Weber Ricardo
https://www.bcn.cl/historiapolitica/resenas_parlamentarias/wiki/Hernán_Larraín_Fernández,Larraín Fernández Hernán
https://www.bcn.cl/historiapolitica/resenas_parlamentarias/wiki/Carlos_Larraín_Peña,Larraín Peña Carlos Anibal
https://www.bcn.cl/historiapolitica/resenas_parlamentarias/wiki/Juan_Carlos_Latorre_Carmona,Latorre Carmona Juan Carlos
https://www.bcn.cl/historiapolitica/resenas_parlamentarias/wiki/Juan_Ignacio_Latorre_Riveros,Latorre Riveros Juan Ignacio
https://www.bcn.cl/historiapolitica/resenas_parlamentarias/wiki/Joaquín_José_Lavín_León,Lavín León Joaquín José
https://www.bcn.cl/historiapolitica/resenas_parlamentarias/wiki/Henry_Leal_Bizama,Leal Bizama Henry
https://www.bcn.cl/historiapolitica/resenas_parlamentarias/wiki/Antonio_Leal_Labrín,Leal Labrín Antonio
https://www.bcn.cl/historiapolitica/resenas_parlamentarias/wiki/Cristian_Antonio_Leay_Morán,Leay Morán Cristian Antonio
https://www.bcn.cl/historiapolitica/resenas_parlamentarias/wiki/Luis_Leblanc_Valenzuela,Leblanc Valenzuela Luis Enrique
https://www.bcn.cl/historiapolitica/resenas_parlamentarias/wiki/Enrique_Lee_Flores,Lee Flores Enrique Segundo
https://www.bcn.cl/historiapolitica/resenas_parlamentarias/wiki/Raúl_Alfonso_Leiva_Carvajal,Leiva Carvajal Raúl Alfonso
https://www.bcn.cl/historiapolitica/resenas_parlamentarias/wiki/Luis_Segundo_Lemus_Aracena,Lemus Aracena Luis Segundo
https://www.bcn.cl/historiapolitica/resenas_parlamentarias/wiki/Cristián_Omar_Letelier_Aguilar,Letelier Aguilar Cristián
https://www.bcn.cl/historiapolitica/resenas_parlamentarias/wiki/Carlos_Roberto_Letelier_Bobadilla,Letelier Bobadilla Carlos Roberto
https://www.bcn.cl/historiapolitica/resenas_parlamentarias/wiki/Juan_Pablo_Letelier_Morel,Letelier Morel Juan Pablo
https://www.bcn.cl/historiapolitica/resenas_parlamentarias/wiki/Felipe_Letelier_Norambuena,Letelier Norambuena Felipe
https://www.bcn.cl/historiapolitica/resenas_parlamentarias/wiki/Aracely_Andrea_Leuquén_Uribe,Leuquén Uribe Aracely Andrea
https://www.bcn.cl/historiapolitica/resenas_parlamentarias/wiki/Roberto_León_Ramírez,León Ramírez Roberto
https://www.bcn.cl/historiapolitica/resenas_parlamentarias/wiki/Daniel_Lilayu_Vivanco,Lilayu Vivanco Daniel
https://www.bcn.cl/historiapolitica/resenas_parlamentarias/wiki/Juan_Lobos_Krause,Lobos Krause Juan
https://www.bcn.cl/historiapolitica/resenas_parlamentarias/wiki/Arturo_Longton_Guerrero,Longton Guerrero Arturo
https://www.bcn.cl/historiapolitica/resenas_parlamentarias/wiki/Andrés_Longton_Herrera,Longton Herrera Andrés
https://www.bcn.cl/historiapolitica/resenas_parlamentarias/wiki/Pablo_Longueira_Montes,Longueira Montes Pablo
https://www.bcn.cl/historiapolitica/resenas_parlamentarias/wiki/Pablo_Lorenzini_Basso,Lorenzini Basso Pablo
https://www.bcn.cl/historiapolitica/resenas_parlamentarias/wiki/Karin_Claudia_Luck_Urban,Luck Urban Karin Claudia
https://www.bcn.cl/historiapolitica/resenas_parlamentarias/wiki/Zarko_Luksic_Sandoval,Luksic Sandoval Zarko Cosme
https://www.bcn.cl/historiapolitica/resenas_parlamentarias/wiki/Javier_Ignacio_Macaya_Danus,Macaya Danús Javier Ignacio
https://www.bcn.cl/historiapolitica/resenas_parlamentarias/wiki/José_Makluf_Campos,Makluf Campos José Amador
https://www.bcn.cl/historiapolitica/resenas_parlamentarias/wiki/Luis_Malla_Valenzuela,Malla Valenzuela Luis Fabián Malla Valenzuela
https://www.bcn.cl/historiapolitica/resenas_parlamentarias/wiki/Daniel_Manouchehri_Lobos,Manouchehri Lobos Daniel
https://www.bcn.cl/historiapolitica/resenas_parlamentarias/wiki/Martín_Manterola_Urzúa,Manterola Urzúa Martín
https://www.bcn.cl/historiapolitica/resenas_parlamentarias/wiki/Miodrag_Arturo_Marinovic_Solo_de_Zaldívar,Marinovic Solo de Zaldívar Miodrag Arturo
https://www.bcn.cl/historiapolitica/resenas_parlamentarias/wiki/Ricardo_Martin_Díaz,Martin Díaz Ricardo
https://www.bcn.cl/historiapolitica/resenas_parlamentarias/wiki/Jorge_Martínez_Busch,Martínez Busch Jorge
https://www.bcn.cl/historiapolitica/resenas_parlamentarias/wiki/Rosauro_Martínez_Labbé,Martínez Labbé Rosauro
https://www.bcn.cl/historiapolitica/resenas_parlamentarias/wiki/Gutenberg_Martínez_Ocamica,Martínez Ocamica Gutenberg
https://www.bcn.cl/historiapolitica/resenas_parlamentarias/wiki/Cristóbal_Martínez_Ramírez,Martínez Ramírez Cristóbal Ignacio
https://www.bcn.cl/historiapolitica/resenas_parlamentarias/wiki/Juan_Martínez_Sepúlveda,Martínez Sepúlveda Juan
https://www.bcn.cl/historiapolitica/resenas_parlamentarias/wiki/Marta_Carolina_Marzán_Pinto,Marzán Pinto Marta Carolina
https://www.bcn.cl/historiapolitica/resenas_parlamentarias/wiki/Juan_Masferrer_Pellizzari,Masferrer Pellizzari Juan Alfonso Manuel
https://www.bcn.cl/historiapolitica/resenas_parlamentarias/wiki/Juan_Manuel_Masferrer_Vidal,Masferrer Vidal Juan Manuel
https://www.bcn.cl/historiapolitica/resenas_parlamentarias/wiki/Christian_Matheson_Villán,Matheson Villán Christian Eduardo
https://www.bcn.cl/historiapolitica/resenas_parlamentarias/wiki/Manuel_José_Ramón_Matta_Aragay,Matta Aragay Manuel José Ramón
https://www.bcn.cl/historiapolitica/resenas_parlamentarias/wiki/Evelyn_Matthei_Fornet,Matthei Fornet Evelyn
https://www.bcn.cl/historiapolitica/resenas_parlamentarias/wiki/Ronald_Mc_Intyre_Mendoza,Mc Intyre Mendoza Ronald
https://www.bcn.cl/historiapolitica/resenas_parlamentarias/wiki/Karen_Medina_Vásquez,Medina Vásquez Karen Andrea
https://www.bcn.cl/historiapolitica/resenas_parlamentarias/wiki/Federico_Mekis_Martínez,Mekis Martínez Federico Andrés
https://www.bcn.cl/historiapolitica/resenas_parlamentarias/wiki/Patricio_Melero_Abaroa,Melero Abaroa Patricio
https://www.bcn.cl/historiapolitica/resenas_parlamentarias/wiki/María_Eugenia_Mella_Gajardo,Mella Gajardo María Eugenia
https://www.bcn.cl/historiapolitica/resenas_parlamentarias/wiki/Cosme_Leopoldo_Mellado_Pino,Mellado Pino Cosme Leopoldo
https://www.bcn.cl/historiapolitica/resenas_parlamentarias/wiki/Miguel_Alejandro_Mellado_Suazo,Mellado Suazo Miguel Alejandro
https://www.bcn.cl/historiapolitica/resenas_parlamentarias/wiki/Daniel_Alexander_Melo_Contreras,Melo Contreras Daniel Alexander
https://www.bcn.cl/historiapolitica/resenas_parlamentarias/wiki/Iván_Mesías_Lehu,Mesías Lehu Iván
https://www.bcn.cl/historiapolitica/resenas_parlamentarias/wiki/Fernando_Meza_Moncada,Meza Moncada Fernando
https://www.bcn.cl/historiapolitica/resenas_parlamentarias/wiki/José_Meza_Pereira,Meza Pereira José Carlos
https://www.bcn.cl/historiapolitica/resenas_parlamentarias/wiki/Vlado_Mirosevic_Verdugo,Mirosevic Verdugo Vlado
https://www.bcn.cl/historiapolitica/resenas_parlamentarias/wiki/Claudia_Nathalie_Mix_Jiménez,Mix Jiménez Claudia Nathalie
https://www.bcn.cl/historiapolitica/resenas_parlamentarias/wiki/José_Sergio_Andrés_Molina_Magofke,Molina Magofke José Sergio Andrés
https://www.bcn.cl/historiapolitica/resenas_parlamentarias/wiki/Helia_Molina_Milman,Molina Milman Helia Águeda
https://www.bcn.cl/historiapolitica/resenas_parlamentarias/wiki/Andrea_Molina_Oliva,Molina Oliva Andrea
https://www.bcn.cl/historiapolitica/resenas_parlamentarias/wiki/Darío_Molina_Sanhueza,Molina Sanhueza Darío Alexis
https://www.bcn.cl/historiapolitica/resenas_parlamentarias/wiki/Jorge_Molina_Valdivieso,Molina Valdivieso Jorge
https://www.bcn.cl/historiapolitica/resenas_parlamentarias/wiki/Cristián_Monckeberg_Bruner,Monckeberg Bruner Cristian
https://www.bcn.cl/historiapolitica/resenas_parlamentarias/wiki/Nicolás_Monckeberg_Díaz,Monckeberg Díaz Nicolás
https://www.bcn.cl/historiapolitica/resenas_parlamentarias/wiki/Luis_Monge_Sánchez,Monge Sánchez Luis
https://www.bcn.cl/historiapolitica/resenas_parlamentarias/wiki/Manuel_Zacarías_Monsalve_Benavides,Monsalve Benavides Manuel Zacarías
https://www.bcn.cl/historiapolitica/resenas_parlamentarias/wiki/Carlos_Montes_Cisternas,Montes Cisternas Carlos
https://www.bcn.cl/historiapolitica/resenas_parlamentarias/wiki/Waldo_Mora_Longa,Mora Longa Waldo Manuel
https://www.bcn.cl/historiapolitica/resenas_parlamentarias/wiki/Rubén_Joaquín_Moraga_Mamani,Moraga Mamani Rubén Joaquín
https://www.bcn.cl/historiapolitica/resenas_parlamentarias/wiki/Jorge_Morales_Adriasola,Morales Adriasola Jorge
https://www.bcn.cl/historiapolitica/resenas_parlamentarias/wiki/Javiera_Morales_Alvarado,Morales Alvarado Javiera Ignacia
https://www.bcn.cl/historiapolitica/resenas_parlamentarias/wiki/Carla_Morales_Maldonado,Morales Maldonado Carla Andrea
https://www.bcn.cl/historiapolitica/resenas_parlamentarias/wiki/Sergio_Morales_Morales,Morales Morales Sergio
https://www.bcn.cl/historiapolitica/resenas_parlamentarias/wiki/Celso_René_Morales_Muñoz,Morales Muñoz Celso René
https://www.bcn.cl/historiapolitica/resenas_parlamentarias/wiki/Camilo_Morán_Bahamondes,Morán Bahamondes Camilo Andrés
https://www.bcn.cl/historiapolitica/resenas_parlamentarias/wiki/Juan_Enrique_Morano_Cornejo,Morano Cornejo Juan Enrique
https://www.bcn.cl/historiapolitica/resenas_parlamentarias/wiki/Cristhian_Patricio_Moreira_Barros,Moreira Barros Cristhian Patricio
https://www.bcn.cl/historiapolitica/resenas_parlamentarias/wiki/Iván_Moreira_Barros,Moreira Barros Iván
https://www.bcn.cl/historiapolitica/resenas_parlamentarias/wiki/Benjamín_Moreno_Bascur,Moreno Bascur Benjamín
https://www.bcn.cl/historiapolitica/resenas_parlamentarias/wiki/Rafael_Adolfo_Moreno_Rojas,Moreno Rojas Rafael Adolfo
https://www.bcn.cl/historiapolitica/resenas_parlamentarias/wiki/Jaime_Mulet_Martínez,Mulet Martínez Jaime
https://www.bcn.cl/historiapolitica/resenas_parlamentarias/wiki/Eugenio_Munizaga_Rodríguez,Munizaga Rodríguez Eugenio Fernando
https://www.bcn.cl/historiapolitica/resenas_parlamentarias/wiki/Pedro_Héctor_Muñoz_Aburto,Muñoz Aburto Pedro Héctor
https://www.bcn.cl/historiapolitica/resenas_parlamentarias/wiki/Adriana_Muñoz_D'Albora,Muñoz D'Albora Adriana Blanca Cristina
https://www.bcn.cl/historiapolitica/resenas_parlamentarias/wiki/Francesca_Elizabeth_Andrea_Muñoz_González,Muñoz González Francesca Elizabeth Andrea
https://www.bcn.cl/historiapolitica/resenas_parlamentarias/wiki/Camila_Musante_Müller,Musante Müller Camila Fernanda
https://www.bcn.cl/historiapolitica/resenas_parlamentarias/wiki/Ericka_Ñanco_Vásquez,Ñanco Vásquez Ericka
https://www.bcn.cl/historiapolitica/resenas_parlamentarias/wiki/Jaime_Naranjo_Ortiz,Naranjo Ortiz Jaime
https://www.bcn.cl/historiapolitica/resenas_parlamentarias/wiki/Ricardo_Navarrete_Betanzo,Navarrete Betanzo Ricardo
https://www.bcn.cl/historiapolitica/resenas_parlamentarias/wiki/Luis_Navarrete_Carvacho,Navarrete Carvacho Luis Osvaldo
https://www.bcn.cl/historiapolitica/resenas_parlamentarias/wiki/Alejandro_Navarro_Brain,Navarro Brain Alejandro
https://www.bcn.cl/historiapolitica/resenas_parlamentarias/wiki/Gloria_Naveillan_Arriagada,Naveillan Arriagada Gloria
https://www.bcn.cl/historiapolitica/resenas_parlamentarias/wiki/Claudia_Nogueira_Fernández,Nogueira Fernández Claudia
https://www.bcn.cl/historiapolitica/resenas_parlamentarias/wiki/Nicolás_José_Noman_Garrido,Noman Garrido Nicolás José
https://www.bcn.cl/historiapolitica/resenas_parlamentarias/wiki/Iván_Ernesto_Norambuena_Farías,Norambuena Farías Iván Ernesto
https://www.bcn.cl/historiapolitica/resenas_parlamentarias/wiki/Jovino_Novoa_Vásquez,Novoa Vásquez Enrique Manuel Jovino
https://www.bcn.cl/historiapolitica/resenas_parlamentarias/wiki/Emilia_Iris_Nuyado_Ancapichún,Nuyado Ancapichún Emilia Iris
https://www.bcn.cl/historiapolitica/resenas_parlamentarias/wiki/Daniel_Ignacio_Núñez_Arancibia,Núñez Arancibia Daniel Ignacio
https://www.bcn.cl/historiapolitica/resenas_parlamentarias/wiki/Marco_Antonio_Núñez_Lozano,Núñez Lozano Marco Antonio
https://www.bcn.cl/historiapolitica/resenas_parlamentarias/wiki/Ricardo_Núñez_Muñoz,Núñez Muñoz Ricardo
https://www.bcn.cl/historiapolitica/resenas_parlamentarias/wiki/Paulina_Andrea_Núñez_Urrutia,Núñez Urrutia Paulina Andrea
https://www.bcn.cl/historiapolitica/resenas_parlamentarias/wiki/Juan_Núñez_Valenzuela,Núñez Valenzuela Juan Ramón
https://www.bcn.cl/historiapolitica/resenas_parlamentarias/wiki/Mauricio_Ojeda_Rebolledo,Ojeda Rebolledo Mauricio
https://www.bcn.cl/historiapolitica/resenas_parlamentarias/wiki/Sergio_Ojeda_Uribe,Ojeda Uribe Sergio
https://www.bcn.cl/historiapolitica/resenas_parlamentarias/wiki/Carlos_Olivares_Zepeda,Olivares Zepeda Carlos
https://www.bcn.cl/historiapolitica/resenas_parlamentarias/wiki/Erika_Alejandra_Olivera_de_la_Fuente,Olivera De la Fuente Erika Alejandra
https://www.bcn.cl/historiapolitica/resenas_parlamentarias/wiki/Carlos_Ominami_Pascual,Ominami Pascual Carlos
https://www.bcn.cl/historiapolitica/resenas_parlamentarias/wiki/Ximena_Loreto_Ordenes_Neira,Ordenes Neira Ximena Loreto
https://www.bcn.cl/historiapolitica/resenas_parlamentarias/wiki/Jaime_Orpis_Bouchon,Orpis Bouchon Jaime
https://www.bcn.cl/historiapolitica/resenas_parlamentarias/wiki/Maite_Orsini_Pascal,Orsini Pascal Maite
https://www.bcn.cl/historiapolitica/resenas_parlamentarias/wiki/Eugenio_Ortega_Riquelme,Ortega Riquelme Eugenio
https://www.bcn.cl/historiapolitica/resenas_parlamentarias/wiki/José_Miguel_Ortiz_Novoa,Ortiz Novoa José Miguel
https://www.bcn.cl/historiapolitica/resenas_parlamentarias/wiki/Hugo_Ortiz_de_Filippi,Ortiz de Filippi Hugo
https://www.bcn.cl/historiapolitica/resenas_parlamentarias/wiki/Manuel_José_Ossandón_Irarrázabal,Ossandón Irarrázabal Manuel José
https://www.bcn.cl/historiapolitica/resenas_parlamentarias/wiki/María_Ximena_Ossandón_Irarrázabal,Ossandón Irarrázabal María Ximena
https://www.bcn.cl/historiapolitica/resenas_parlamentarias/wiki/Jorge_Miguel_Otero_Lathrop,Otero Lathrop Jorge Miguel
https://www.bcn.cl/historiapolitica/resenas_parlamentarias/wiki/María_Victoria_Ovalle_Ovalle,Ovalle Ovalle María Victoria
https://www.bcn.cl/historiapolitica/resenas_parlamentarias/wiki/Rubén_Oyarzo_Figueroa,Oyarzo Figueroa Rubén Darío
https://www.bcn.cl/historiapolitica/resenas_parlamentarias/wiki/Máximo_Pacheco_Gómez,Pacheco Gómez Máximo
https://www.bcn.cl/historiapolitica/resenas_parlamentarias/wiki/Clemira_Pacheco_Rivas,Pacheco Rivas Clemira
https://www.bcn.cl/historiapolitica/resenas_parlamentarias/wiki/Osvaldo_Palma_Flores,Palma Flores Osvaldo
https://www.bcn.cl/historiapolitica/resenas_parlamentarias/wiki/Andrés_Palma_Irarrázaval,Palma Irarrázaval Andrés Jaime
https://www.bcn.cl/historiapolitica/resenas_parlamentarias/wiki/Joaquín_Salvador_José_María_Antonio_Palma_Irarrázaval,Palma Irarrázaval Joaquín Salvador José María Antonio
https://www.bcn.cl/historiapolitica/resenas_parlamentarias/wiki/Hernán_Palma_Pérez,Palma Pérez Luis Hugo Hernán
https://www.bcn.cl/historiapolitica/resenas_parlamentarias/wiki/Humberto_Manuel_Palza_Corvacho,Palza Carvacho Humberto Manuel
https://www.bcn.cl/historiapolitica/resenas_parlamentarias/wiki/Mario_Papi_Beyer,Papi Beyer Mario
https://www.bcn.cl/historiapolitica/resenas_parlamentarias/wiki/Luis_Rafael_Pardo_Sainz,Pardo Sainz Luis Rafael
https://www.bcn.cl/historiapolitica/resenas_parlamentarias/wiki/Iván_Paredes_Fierro,Paredes Fierro Iván
https://www.bcn.cl/historiapolitica/resenas_parlamentarias/wiki/Cristian_Pareto_Vergara,Pareto Vergara Cristian Pablo
https://www.bcn.cl/historiapolitica/resenas_parlamentarias/wiki/César_Augusto_Parra_Muñoz,Parra Muñoz César Augusto
https://www.bcn.cl/historiapolitica/resenas_parlamentarias/wiki/Irle_Andrea_Parra_Sauterel,Parra Sauterel Irle Andrea
https://www.bcn.cl/historiapolitica/resenas_parlamentarias/wiki/Denise_Pascal_Allende,Pascal Allende Denise Simone
https://www.bcn.cl/historiapolitica/resenas_parlamentarias/wiki/Claudia_Pascual_Grau,Pascual Grau Claudia
https://www.bcn.cl/historiapolitica/resenas_parlamentarias/wiki/Diego_Alfredo_Paulsen_Kehr,Paulsen Kehr Diego Alfredo
https://www.bcn.cl/historiapolitica/resenas_parlamentarias/wiki/Darío_Paya_Mira,Paya Mira Darío Guillermo
https://www.bcn.cl/historiapolitica/resenas_parlamentarias/wiki/José_Peña_Meza,Peña Meza José Apolonio
https://www.bcn.cl/historiapolitica/resenas_parlamentarias/wiki/Jaime_Hernán_Gonzalo_Pilowsky_Greene,Pilowsky Greene Jaime Hernán Gonzalo
https://www.bcn.cl/historiapolitica/resenas_parlamentarias/wiki/Sebastián_Piñera_Echenique,Piñera Echenique Sebastián
https://www.bcn.cl/historiapolitica/resenas_parlamentarias/wiki/Víctor_Pino_Fuentes,Pino Fuentes Víctor Alejandro
https://www.bcn.cl/historiapolitica/resenas_parlamentarias/wiki/Augusto_Pinochet_Ugarte,Pinochet Ugarte Augusto
https://www.bcn.cl/historiapolitica/resenas_parlamentarias/wiki/Sergio_Pizarro_Mackay,Pizarro Mackay Sergio
https://www.bcn.cl/historiapolitica/resenas_parlamentarias/wiki/Lorena_Pizarro_Sierra,Pizarro Sierra Lorena Soledad Gloria
https://www.bcn.cl/historiapolitica/resenas_parlamentarias/wiki/Jorge_Pizarro_Soto,Pizarro Soto Jorge
https://www.bcn.cl/historiapolitica/resenas_parlamentarias/wiki/Alejandra_Placencia_Cabello,Placencia Cabello Alejandra Francisca
https://www.bcn.cl/historiapolitica/resenas_parlamentarias/wiki/Roberto_Fortunato_Poblete_Zapata,Poblete Zapata Roberto Fortunato
https://www.bcn.cl/historiapolitica/resenas_parlamentarias/wiki/Fanny_Pollarolo_Villa,Pollarolo Villa Fanny
https://www.bcn.cl/historiapolitica/resenas_parlamentarias/wiki/Francisco_Prat_Alemparte,Prat Alemparte Francisco
https://www.bcn.cl/historiapolitica/resenas_parlamentarias/wiki/Pablo_Samuel_Prieto_Lorca,Prieto Lorca Pablo Samuel
https://www.bcn.cl/historiapolitica/resenas_parlamentarias/wiki/Marina_Prochelle_Aguilar,Prochelle Aguilar Marina
https://www.bcn.cl/historiapolitica/resenas_parlamentarias/wiki/Rafael_Prohens_Espinosa,Prohens Espinosa Rafael
https://www.bcn.cl/historiapolitica/resenas_parlamentarias/wiki/Baldo_Prokurica_Prokurica,Prokurica Prokurica Baldo
https://www.bcn.cl/historiapolitica/resenas_parlamentarias/wiki/Yasna_Provoste_Campillay,Provoste Campillay Yasna
https://www.bcn.cl/historiapolitica/resenas_parlamentarias/wiki/Kenneth_Peter_Pugh_Olavarría,Pugh Olavarría Kenneth Peter
https://www.bcn.cl/historiapolitica/resenas_parlamentarias/wiki/Francisco_Pulgar_Castillo,Pulgar Castillo Juan Francisco
https://www.bcn.cl/historiapolitica/resenas_parlamentarias/wiki/José_Pérez_Arriagada,Pérez Arriagada José
https://www.bcn.cl/historiapolitica/resenas_parlamentarias/wiki/Marlene_Pérez_Cartes,Pérez Cartes Marlene Del Carmen
https://www.bcn.cl/historiapolitica/resenas_parlamentarias/wiki/Leopoldo_Alfredo_Pérez_Lahsen,Pérez Lahsen Leopoldo Alfredo
https://www.bcn.cl/historiapolitica/resenas_parlamentarias/wiki/Aníbal_Pérez_Lobos,Pérez Lobos Aníbal Patricio
https://www.bcn.cl/historiapolitica/resenas_parlamentarias/wiki/Juan_Alberto_Pérez_Muñoz,Pérez Muñoz Juan Alberto
https://www.bcn.cl/historiapolitica/resenas_parlamentarias/wiki/Joanna_Elena_Pérez_Olea,Pérez Olea Joanna Elena
https://www.bcn.cl/historiapolitica/resenas_parlamentarias/wiki/Ramón_Segundo_Pérez_Opazo,Pérez Opazo Ramón Segundo
https://www.bcn.cl/historiapolitica/resenas_parlamentarias/wiki/Catalina_Ilona_Io_Pérez_Salinas,Pérez Salinas Catalina
https://www.bcn.cl/historiapolitica/resenas_parlamentarias/wiki/Lily_Jovanka_Pérez_San_Martín,Pérez San Martín Lily
https://www.bcn.cl/historiapolitica/resenas_parlamentarias/wiki/Víctor_Pérez_Varela,Pérez Varela Víctor José
https://www.bcn.cl/historiapolitica/resenas_parlamentarias/wiki/Ignacio_Pérez_Walker,Pérez Walker Ignacio
https://www.bcn.cl/historiapolitica/resenas_parlamentarias/wiki/Jaime_Quintana_Leal,Quintana Leal Jaime
https://www.bcn.cl/historiapolitica/resenas_parlamentarias/wiki/Rabindranath_Quinteros_Lara,Quinteros Lara Rabindranath
https://www.bcn.cl/historiapolitica/resenas_parlamentarias/wiki/Guillermo_Andrés_Ramírez_Diez,Ramírez Diez Guillermo Andrés
https://www.bcn.cl/historiapolitica/resenas_parlamentarias/wiki/Matías_Ramírez_Pascal,Ramírez Pascal Matías Felipe
https://www.bcn.cl/historiapolitica/resenas_parlamentarias/wiki/Marcia_Raphael_Mora,Raphael Mora Marcia Cecilia Andrea
https://www.bcn.cl/historiapolitica/resenas_parlamentarias/wiki/Jorge_Evaldo_Rathgeb_Schifferli,Rathgeb Schifferli Jorge Evaldo
https://www.bcn.cl/historiapolitica/resenas_parlamentarias/wiki/Víctor_Manuel_Rebolledo_González,Rebolledo González Víctor Manuel
https://www.bcn.cl/historiapolitica/resenas_parlamentarias/wiki/Romy_Rebolledo_Leyton,Rebolledo Leyton Romy
https://www.bcn.cl/historiapolitica/resenas_parlamentarias/wiki/Carlos_Recondo_Lavanderos,Recondo Lavanderos Carlos
https://www.bcn.cl/historiapolitica/resenas_parlamentarias/wiki/Rolando_Ramón_Rentería_Möller,Rentería Möller Rolando Ramón
https://www.bcn.cl/historiapolitica/resenas_parlamentarias/wiki/Hugo_Vicente_Rey_Martínez,Rey Martínez Hugo Vicente
https://www.bcn.cl/historiapolitica/resenas_parlamentarias/wiki/Víctor_Reyes_Alvarado,Reyes Alvarado Víctor Fernando
https://www.bcn.cl/historiapolitica/resenas_parlamentarias/wiki/Teodoro_Ribera_Neumann,Ribera Neumann Teodoro Javier
https://www.bcn.cl/historiapolitica/resenas_parlamentarias/wiki/Ricardo_Enrique_Rincón_González,Rincón González Ricardo Enrique
https://www.bcn.cl/historiapolitica/resenas_parlamentarias/wiki/Ximena_Rincón_González,Rincón González Ximena
https://www.bcn.cl/historiapolitica/resenas_parlamentarias/wiki/Federico_Ringeling_Hunger,Ringeling Hunger Federico José Miguel
https://www.bcn.cl/historiapolitica/resenas_parlamentarias/wiki/Marcela_Riquelme_Aliaga,Riquelme Aliaga Marcela Patricia
https://www.bcn.cl/historiapolitica/resenas_parlamentarias/wiki/Gaspar_Alberto_Rivas_Sánchez,Rivas Sánchez Gaspar Alberto
https://www.bcn.cl/historiapolitica/resenas_parlamentarias/wiki/Edgardo_Riveros_Marín,Riveros Marín Edgardo
https://www.bcn.cl/historiapolitica/resenas_parlamentarias/wiki/Alberto_Robles_Pantoja,Robles Pantoja Alberto
https://www.bcn.cl/historiapolitica/resenas_parlamentarias/wiki/Luis_Alberto_Rocafull_López,Rocafull López Luis Alberto
https://www.bcn.cl/historiapolitica/resenas_parlamentarias/wiki/Jaime_Rocha_Manrique,Rocha Manrique Jaime
https://www.bcn.cl/historiapolitica/resenas_parlamentarias/wiki/Claudio_Rodríguez_Cataldo,Rodríguez Cataldo Claudio
https://www.bcn.cl/historiapolitica/resenas_parlamentarias/wiki/Hugo_Rodríguez_Guerrero,Rodríguez Guerrero Hugo
https://www.bcn.cl/historiapolitica/resenas_parlamentarias/wiki/Laura_Fiora_Rodríguez_Riccomini,Rodríguez Riccomini Laura Fiora
https://www.bcn.cl/historiapolitica/resenas_parlamentarias/wiki/José_Alfonso_Rodríguez_del_Río,Rodríguez del Río José Alfonso
https://www.bcn.cl/historiapolitica/resenas_parlamentarias/wiki/Manuel_Rojas_Molina,Rojas Molina Manuel
https://www.bcn.cl/historiapolitica/resenas_parlamentarias/wiki/Camila_Ruzlay_Rojas_Valderrama,Rojas Valderrama Camila Ruzlay
https://www.bcn.cl/historiapolitica/resenas_parlamentarias/wiki/Hernán_Rojo_Avendaño,Rojo Avendaño Hernán
https://www.bcn.cl/historiapolitica/resenas_parlamentarias/wiki/Julio_Rojos_Astorga,Rojos Astorga Julio
https://www.bcn.cl/historiapolitica/resenas_parlamentarias/wiki/Agustín_Romero_Leiva,Romero Leiva Agustín Matías
https://www.bcn.cl/historiapolitica/resenas_parlamentarias/wiki/Sergio_Romero_Pizarro,Romero Pizarro Sergio
https://www.bcn.cl/historiapolitica/resenas_parlamentarias/wiki/Leonidas_Andrés_Romero_Sáez,Romero Sáez Leonidas Andrés
https://www.bcn.cl/historiapolitica/resenas_parlamentarias/wiki/Natalia_Romero_Talguia,Romero Talguia María Angélica
https://www.bcn.cl/historiapolitica/resenas_parlamentarias/wiki/Joel_Rosales_Guzmán,Rosales Guzmán Joel
https://www.bcn.cl/historiapolitica/resenas_parlamentarias/wiki/Patricio_Eduardo_Rosas_Barrientos,Rosas Barrientos Patricio Eduardo
https://www.bcn.cl/historiapolitica/resenas_parlamentarias/wiki/Fulvio_Rossi_Ciocca,Rossi Ciocca Fulvio
https://www.bcn.cl/historiapolitica/resenas_parlamentarias/wiki/María_Rozas_Velásquez,Rozas Velásquez María
https://www.bcn.cl/historiapolitica/resenas_parlamentarias/wiki/Karla_Rubilar_Barahona,Rubilar Barahona Karla
https://www.bcn.cl/historiapolitica/resenas_parlamentarias/wiki/Patricia_Irene_Rubio_Escobar,Rubio Escobar Patricia Irene
https://www.bcn.cl/historiapolitica/resenas_parlamentarias/wiki/César_Ruiz_Danyau,Ruiz Danyau César
https://www.bcn.cl/historiapolitica/resenas_parlamentarias/wiki/Sergio_Mariano_Ruiz-Esquide_Jara,Ruiz Esquide Jara Sergio Mariano
https://www.bcn.cl/historiapolitica/resenas_parlamentarias/wiki/José_Ruiz_de_Giorgio,Ruiz de Giorgio José
https://www.bcn.cl/historiapolitica/resenas_parlamentarias/wiki/Mario_Enrique_Ríos_Santander,Ríos Santander Mario Enrique
https://www.bcn.cl/historiapolitica/resenas_parlamentarias/wiki/María_Antonieta_Saa_Díaz,Saa Díaz María Antonieta
https://www.bcn.cl/historiapolitica/resenas_parlamentarias/wiki/Gastón_René_Saavedra_Chandía,Saavedra Chandía Gastón René
https://www.bcn.cl/historiapolitica/resenas_parlamentarias/wiki/Jorge_Eduardo_Sabag_Villalobos,Sabag Villalobos Jorge Eduardo
https://www.bcn.cl/historiapolitica/resenas_parlamentarias/wiki/Marcela_Constanza_Sabat_Fernández,Sabat Fernández Marcela Constanza
https://www.bcn.cl/historiapolitica/resenas_parlamentarias/wiki/Jaime_Sáez_Quiroz,Sáez Quiroz Jaime Salvador
https://www.bcn.cl/historiapolitica/resenas_parlamentarias/wiki/Jorge_Saffirio_Espinoza,Saffirio Espinoza Jorge Alejandro
https://www.bcn.cl/historiapolitica/resenas_parlamentarias/wiki/René_Fernando_Saffirio_Espinoza,Saffirio Espinoza René Fernando
https://www.bcn.cl/historiapolitica/resenas_parlamentarias/wiki/Eduardo_Saffirio_Suárez,Saffirio Suárez Eduardo
https://www.bcn.cl/historiapolitica/resenas_parlamentarias/wiki/Clara_Sagardía_Cabezas,Sagardía Cabezas Clara Inés
https://www.bcn.cl/historiapolitica/resenas_parlamentarias/wiki/Felipe_Salaberry_Soto,Salaberry Soto Felipe
https://www.bcn.cl/historiapolitica/resenas_parlamentarias/wiki/Edmundo_Salas_de_La_Fuente,Salas de La  Fuente Edmundo
https://www.bcn.cl/historiapolitica/resenas_parlamentarias/wiki/Raúl_Fernando_Saldívar_Auger,Saldívar Auger Raúl Fernando
https://www.bcn.cl/historiapolitica/resenas_parlamentarias/wiki/Leopoldo_Sánchez_Grunert,Sánchez Grunert Bolívar Leopoldo
https://www.bcn.cl/historiapolitica/resenas_parlamentarias/wiki/Luis_Fernando_Sánchez_Ossa,Sánchez Ossa Luis Fernando
https://www.bcn.cl/historiapolitica/resenas_parlamentarias/wiki/Marcela_Paz_Alejandra_Sandoval_Osorio,Sandoval Osorio Marcela Paz Alejandra
https://www.bcn.cl/historiapolitica/resenas_parlamentarias/wiki/David_Sandoval_Plaza,Sandoval Plaza David
https://www.bcn.cl/historiapolitica/resenas_parlamentarias/wiki/Gustavo_Adolfo_Sanhueza_Dueñas,Sanhueza Dueñas Gustavo Adolfo
https://www.bcn.cl/historiapolitica/resenas_parlamentarias/wiki/Juan_Rubén_Santana_Castillo,Santana Castillo Juan Ruben
https://www.bcn.cl/historiapolitica/resenas_parlamentarias/wiki/Alejandro_Santana_Tirachini,Santana Tirachini Alejandro
https://www.bcn.cl/historiapolitica/resenas_parlamentarias/wiki/Marisela_del_Carmen_Santibáñez_Novoa,Santibáñez Novoa Marisela del Carmen
https://www.bcn.cl/historiapolitica/resenas_parlamentarias/wiki/Frank_Carlos_Sauerbaum_Muñoz,Sauerbaum Muñoz Frank Carlos
https://www.bcn.cl/historiapolitica/resenas_parlamentarias/wiki/Diego_Ignacio_Schalper_Sepúlveda,Schalper Sepúlveda Diego Ignacio
https://www.bcn.cl/historiapolitica/resenas_parlamentarias/wiki/Jorge_Schaulsohn_Brodsky,Schaulsohn Brodsky Jorge
https://www.bcn.cl/historiapolitica/resenas_parlamentarias/wiki/Marcelo_Schilling_Rodríguez,Schilling Rodríguez Marcelo
https://www.bcn.cl/historiapolitica/resenas_parlamentarias/wiki/Emilia_Schneider_Videla,Schneider Videla Emilia
https://www.bcn.cl/historiapolitica/resenas_parlamentarias/wiki/Stephan_Schubert_Rubio,Schubert Rubio Stephan
https://www.bcn.cl/historiapolitica/resenas_parlamentarias/wiki/Antonella_Sciaraffia_Estrada,Sciaraffia Estrada Antonella
https://www.bcn.cl/historiapolitica/resenas_parlamentarias/wiki/Rodolfo_Seguel_Molina,Seguel Molina Rodolfo
https://www.bcn.cl/historiapolitica/resenas_parlamentarias/wiki/Roberto_Sepúlveda_Hermosilla,Sepúlveda Hermosilla Roberto
https://www.bcn.cl/historiapolitica/resenas_parlamentarias/wiki/Alejandra_Sepúlveda_Orbenes,Sepúlveda Orbenes Alejandra
https://www.bcn.cl/historiapolitica/resenas_parlamentarias/wiki/Alexis_Edgardo_Sepúlveda_Soto,Sepúlveda Soto Alexis Edgardo
https://www.bcn.cl/historiapolitica/resenas_parlamentarias/wiki/Daniela_Serrano_Salazar,Serrano Salazar Daniela Andrea
https://www.bcn.cl/historiapolitica/resenas_parlamentarias/wiki/Bruno_Guillermo_Siebert_Held,Siebert Held Bruno Guillermo
https://www.bcn.cl/historiapolitica/resenas_parlamentarias/wiki/Gabriel_Silber_Romo,Silber Romo Gabriel Moisés
https://www.bcn.cl/historiapolitica/resenas_parlamentarias/wiki/Enrique_Silva_Cimma,Silva Cimma Enrique
https://www.bcn.cl/historiapolitica/resenas_parlamentarias/wiki/Ernesto_Silva_Méndez,Silva Méndez Ernesto
https://www.bcn.cl/historiapolitica/resenas_parlamentarias/wiki/Exequiel_Silva_Ortiz,Silva Ortiz Exequiel
https://www.bcn.cl/historiapolitica/resenas_parlamentarias/wiki/Santiago_Sinclair_Oyaneder,Sinclair Oyaneder Santiago
https://www.bcn.cl/historiapolitica/resenas_parlamentarias/wiki/Carlos_Smok_Ubeda,Smok Ubeda Carlos
https://www.bcn.cl/historiapolitica/resenas_parlamentarias/wiki/Valentín_Solís_Cabezas,Solís Cabezas Valentín
https://www.bcn.cl/historiapolitica/resenas_parlamentarias/wiki/Jorge_Soria_Macchiavello,Soria Macchiavello Jorge
https://www.bcn.cl/historiapolitica/resenas_parlamentarias/wiki/Jorge_Alejandro_Soria_Quiroga,Soria Quiroga Jorge Alejandro
https://www.bcn.cl/historiapolitica/resenas_parlamentarias/wiki/Vicente_Agustín_Sota_Barros,Sota Barros Vicente Agustín
https://www.bcn.cl/historiapolitica/resenas_parlamentarias/wiki/Leonardo_Enrique_Soto_Ferrada,Soto Ferrada Leonardo Enrique
https://www.bcn.cl/historiapolitica/resenas_parlamentarias/wiki/Laura_Soto_González,Soto González Laura
https://www.bcn.cl/historiapolitica/resenas_parlamentarias/wiki/Raúl_Humberto_Soto_Mardones,Soto Mardones Raúl Humberto
https://www.bcn.cl/historiapolitica/resenas_parlamentarias/wiki/Juan_Akin_Soto_Morales,Soto Morales Juan Akin
https://www.bcn.cl/historiapolitica/resenas_parlamentarias/wiki/Andrés_Sotomayor_Mardones,Sotomayor Mardones Andrés
https://www.bcn.cl/historiapolitica/resenas_parlamentarias/wiki/Arturo_Squella_Ovalle,Squella Ovalle Arturo
https://www.bcn.cl/historiapolitica/resenas_parlamentarias/wiki/Rodolfo_Stange_Oelckers,Stange Oelckers Rodolfo
https://www.bcn.cl/historiapolitica/resenas_parlamentarias/wiki/Marco_Antonio_Sulantay_Olivares,Sulantay Olivares Marco Antonio
https://www.bcn.cl/historiapolitica/resenas_parlamentarias/wiki/Vladimir_Anselmo_Sule_Candia,Sule Candia Vladimir Anselmo
https://www.bcn.cl/historiapolitica/resenas_parlamentarias/wiki/Alejandro_Miguel_Sule_Fernández,Sule Fernández Alejandro Miguel Anselmo
https://www.bcn.cl/historiapolitica/resenas_parlamentarias/wiki/Raúl_Súnico_Galdames,Súnico Galdames Raúl
https://www.bcn.cl/historiapolitica/resenas_parlamentarias/wiki/Juan_Enrique_Taladriz_García,Taladriz García Juan Enrique
https://www.bcn.cl/historiapolitica/resenas_parlamentarias/wiki/Boris_Tapia_Martínez,Tapia Martínez Boris
https://www.bcn.cl/historiapolitica/resenas_parlamentarias/wiki/Cristián_Tapia_Ramos,Tapia Ramos Cristian Hernando
https://www.bcn.cl/historiapolitica/resenas_parlamentarias/wiki/Jorge_Tarud_Daccarett,Tarud Daccarett Jorge
https://www.bcn.cl/historiapolitica/resenas_parlamentarias/wiki/Hotuiti_Teao_Drago,Teao Drago Hotuiti Rangi
https://www.bcn.cl/historiapolitica/resenas_parlamentarias/wiki/Guillermo_León_Teillier_del_Valle,Teillier del Valle Guillermo León
https://www.bcn.cl/historiapolitica/resenas_parlamentarias/wiki/Carolina_Tello_Rojas,Tello Rojas Carolina Andrea
https://www.bcn.cl/historiapolitica/resenas_parlamentarias/wiki/William_Turpin_Thayer_Arteaga,Thayer Arteaga William Turpin
https://www.bcn.cl/historiapolitica/resenas_parlamentarias/wiki/Isidoro_Tohá_González,Tohá González Isidoro
https://www.bcn.cl/historiapolitica/resenas_parlamentarias/wiki/Jaime_Manuel_Tohá_González,Tohá González Jaime Manuel
https://www.bcn.cl/historiapolitica/resenas_parlamentarias/wiki/Carolina_Tohá_Morales,Tohá Morales Carolina Montserrat
https://www.bcn.cl/historiapolitica/resenas_parlamentarias/wiki/Sebastián_Torrealba_Alvarado,Torrealba Alvarado Sebastián
https://www.bcn.cl/historiapolitica/resenas_parlamentarias/wiki/Víctor_Marcelo_Torres_Jeldes,Torres Jeldes Víctor Marcelo
https://www.bcn.cl/historiapolitica/resenas_parlamentarias/wiki/Renzo_Aldo_Trisotti_Martínez,Trisotti Martínez Renzo Aldo
https://www.bcn.cl/historiapolitica/resenas_parlamentarias/wiki/Virginia_Eugenia_Troncoso_Hellman,Troncoso Hellman Virginia Eugenia
https://www.bcn.cl/historiapolitica/resenas_parlamentarias/wiki/Eugenio_Tuma_Zedan,Tuma Zedan Eugenio
https://www.bcn.cl/historiapolitica/resenas_parlamentarias/wiki/Joaquín_Tuma_Zedan,Tuma Zedán Joaquín
https://www.bcn.cl/historiapolitica/resenas_parlamentarias/wiki/Marisol_Turres_Figueroa,Turres Figueroa Marisol
https://www.bcn.cl/historiapolitica/resenas_parlamentarias/wiki/Héctor_Ulloa_Aguilera,Ulloa Aguilera Héctor David
https://www.bcn.cl/historiapolitica/resenas_parlamentarias/wiki/Jorge_Iván_Ulloa_Aguillón,Ulloa Aguillón Jorge Iván
https://www.bcn.cl/historiapolitica/resenas_parlamentarias/wiki/Juan_Francisco_Undurraga_Gazitúa,Undurraga Gazitúa Juan Francisco
https://www.bcn.cl/historiapolitica/resenas_parlamentarias/wiki/Alberto_Undurraga_Vicuña,Undurraga Vicuña Alberto
https://www.bcn.cl/historiapolitica/resenas_parlamentarias/wiki/Beltrán_Urenda_Zegers,Urenda Zegers Beltran
https://www.bcn.cl/historiapolitica/resenas_parlamentarias/wiki/Gonzalo_Uriarte_Herrera,Uriarte Herrera Gonzalo
https://www.bcn.cl/historiapolitica/resenas_parlamentarias/wiki/Raúl_Urrutia_Ávila,Urrutia Ávila Raúl
https://www.bcn.cl/historiapolitica/resenas_parlamentarias/wiki/Ignacio_Urrutia_Bonilla,Urrutia Bonilla Ignacio
https://www.bcn.cl/historiapolitica/resenas_parlamentarias/wiki/Salvador_Urrutia_Cárdenas,Urrutia Cárdenas Salvador
https://www.bcn.cl/historiapolitica/resenas_parlamentarias/wiki/Osvaldo_Alejandro_Nicanor_Urrutia_Soto,Urrutia Soto Osvaldo Alejandro Nicanor
https://www.bcn.cl/historiapolitica/resenas_parlamentarias/wiki/Cristóbal_Ignacio_de_Loyola_Urruticoechea_Ríos,Urruticoechea Ríos Cristóbal Ignacio de Loyola
https://www.bcn.cl/historiapolitica/resenas_parlamentarias/wiki/Christian_Erwin_Urízar_Muñoz,Urízar Muñoz Christian Erwin
https://www.bcn.cl/historiapolitica/resenas_parlamentarias/wiki/Ximena_Valcarce_Becerra,Valcarce Becerra Ximena
https://www.bcn.cl/historiapolitica/resenas_parlamentarias/wiki/Carlos_Valcarce_Medina,Valcarce Medina Carlos Raúl
https://www.bcn.cl/historiapolitica/resenas_parlamentarias/wiki/Gabriel_Valdés_Subercaseaux,Valdés Subercaseaux Gabriel
https://www.bcn.cl/historiapolitica/resenas_parlamentarias/wiki/Felipe_Valenzuela_Herrera,Valenzuela Herrera Felipe Ignacio
https://www.bcn.cl/historiapolitica/resenas_parlamentarias/wiki/Esteban_Valenzuela_Van_Treek,Valenzuela Van Treek Esteban
https://www.bcn.cl/historiapolitica/resenas_parlamentarias/wiki/Camila_Antonia_Amaranta_Vallejo_Dowling,Vallejo Dowling Camila Antonia Amaranta
https://www.bcn.cl/historiapolitica/resenas_parlamentarias/wiki/Patricio_Vallespín_López,Vallespín López Patricio Iván
https://www.bcn.cl/historiapolitica/resenas_parlamentarias/wiki/Enrique_Van_Rysselberghe_Herrera,Van Rysselberghe Herrera Enrique
https://www.bcn.cl/historiapolitica/resenas_parlamentarias/wiki/Jacqueline_Van_Rysselberghe_Herrera,Van Rysselberghe Herrera Jacqueline
https://www.bcn.cl/historiapolitica/resenas_parlamentarias/wiki/Enrique_Van_Rysselberghe_Varela,Van Rysselberghe Varela Enrique
https://www.bcn.cl/historiapolitica/resenas_parlamentarias/wiki/Mario_Varela_Herrera,Varela Herrera Mario Belarmino
https://www.bcn.cl/historiapolitica/resenas_parlamentarias/wiki/Alfonso_Vargas_Lyng,Vargas Lyng Alfonso
https://www.bcn.cl/historiapolitica/resenas_parlamentarias/wiki/Orlando_Severo_Vargas_Pizarro,Vargas Pizarro Orlando Severo
https://www.bcn.cl/historiapolitica/resenas_parlamentarias/wiki/Guillermo_Vásquez_Ubeda,Vásquez Ubeda Guillermo
https://www.bcn.cl/historiapolitica/resenas_parlamentarias/wiki/Ramón_Vega_Hidalgo,Vega Hidalgo Ramón
https://www.bcn.cl/historiapolitica/resenas_parlamentarias/wiki/Sergio_Velasco_de_la_Cerda,Velasco de la Cerda Sergio
https://www.bcn.cl/historiapolitica/resenas_parlamentarias/wiki/Esteban_Jorge_Velásquez_Núñez,Velásquez Núñez Esteban Jorge
https://www.bcn.cl/historiapolitica/resenas_parlamentarias/wiki/Pedro_Antonio_Velásquez_Seguel,Velásquez Seguel Pedro Antonio
https://www.bcn.cl/historiapolitica/resenas_parlamentarias/wiki/Consuelo_Veloso_Ávila,Veloso Ávila Consuelo De Los Ángeles
https://www.bcn.cl/historiapolitica/resenas_parlamentarias/wiki/Mario_Venegas_Cárdenas,Venegas Cárdenas Mario Artidoro
https://www.bcn.cl/historiapolitica/resenas_parlamentarias/wiki/Samuel_Venegas_Rubio,Venegas Rubio Samuel
https://www.bcn.cl/historiapolitica/resenas_parlamentarias/wiki/Nelson_Venegas_Salazar,Venegas Salazar Nelson Esteban
https://www.bcn.cl/historiapolitica/resenas_parlamentarias/wiki/Daniel_Ángel_Verdessi_Belemmi,Verdessi Belemmi Daniel Ángel
https://www.bcn.cl/historiapolitica/resenas_parlamentarias/wiki/Germán_Verdugo_Soto,Verdugo Soto Germán
https://www.bcn.cl/historiapolitica/resenas_parlamentarias/wiki/Ximena_Vidal_Lázaro,Vidal Lázaro Ximena
https://www.bcn.cl/historiapolitica/resenas_parlamentarias/wiki/Pablo_Esteban_Vidal_Rojas,Vidal Rojas Pablo Esteban
https://www.bcn.cl/historiapolitica/resenas_parlamentarias/wiki/Sebastián_Videla_Castillo,Videla Castillo Sebastián Patricio
https://www.bcn.cl/historiapolitica/resenas_parlamentarias/wiki/José_Antonio_Viera_Gallo_Quesney,Viera Gallo Quesney José Antonio
https://www.bcn.cl/historiapolitica/resenas_parlamentarias/wiki/Carlos_Alfredo_Vilches_Guzmán,Vilches Guzmán Carlos Alfredo
https://www.bcn.cl/historiapolitica/resenas_parlamentarias/wiki/Milenko_Vilicic_Karnincic,Vilicic Karnincic Milenko
https://www.bcn.cl/historiapolitica/resenas_parlamentarias/wiki/Erick_Villegas_González,Villegas González Erick
https://www.bcn.cl/historiapolitica/resenas_parlamentarias/wiki/Edmundo_Villouta_Concha,Villouta Concha Edmundo
https://www.bcn.cl/historiapolitica/resenas_parlamentarias/wiki/Paulina_Vodanovic_Rojas,Vodanovic Rojas Paulina Eugenia
https://www.bcn.cl/historiapolitica/resenas_parlamentarias/wiki/Hernán_Vodanovic_Schnake,Vodanovic Schnake Hernán
https://www.bcn.cl/historiapolitica/resenas_parlamentarias/wiki/Gastón_Von_Mühlenbrock_Zamora,Von Mühlenbrock Zamora Gastón
https://www.bcn.cl/historiapolitica/resenas_parlamentarias/wiki/Ignacio_Walker_Prieto,Walker Prieto Ignacio
https://www.bcn.cl/historiapolitica/resenas_parlamentarias/wiki/Matías_Walker_Prieto,Walker Prieto Matías Vicente
https://www.bcn.cl/historiapolitica/resenas_parlamentarias/wiki/Patricio_Walker_Prieto,Walker Prieto Patricio
https://www.bcn.cl/historiapolitica/resenas_parlamentarias/wiki/Felipe_Ward_Edwards,Ward Edwards Felipe
https://www.bcn.cl/historiapolitica/resenas_parlamentarias/wiki/Flor_Weisse_Novoa,Weisse Novoa Flor Isabel
https://www.bcn.cl/historiapolitica/resenas_parlamentarias/wiki/Gonzalo_Rodolfo_Winter_Etcheberry,Winter Etcheberry Gonzalo Rodolfo
https://www.bcn.cl/historiapolitica/resenas_parlamentarias/wiki/Martita_Elvira_Worner_Tapia,Worner Tapia Martita Elvira
https://www.bcn.cl/historiapolitica/resenas_parlamentarias/wiki/Gael_Fernanda_Yeomans_Araya,Yeomans Araya Gael Fernanda
https://www.bcn.cl/historiapolitica/resenas_parlamentarias/wiki/Guillermo_Yunge_Bustamante,Yunge Bustamante Guillermo
https://www.bcn.cl/historiapolitica/resenas_parlamentarias/wiki/Mónica_Beatriz_Zalaquett_Said,Zalaquett Said Mónica Beatriz
https://www.bcn.cl/historiapolitica/resenas_parlamentarias/wiki/Andrés_Zaldívar_Larraín,Zaldívar Larraín José Andrés Rafael
https://www.bcn.cl/historiapolitica/resenas_parlamentarias/wiki/Miguel_Adolfo_Zaldívar_Larraín,Zaldívar Larraín Miguel Adolfo
https://www.bcn.cl/historiapolitica/resenas_parlamentarias/wiki/Héctor_Zambrano_Opazo,Zambrano Opazo Héctor Galindo
https://www.bcn.cl/historiapolitica/resenas_parlamentarias/wiki/Enrique_Zurita_Camps,Zurita Camps Enrique
https://www.bcn.cl/historiapolitica/resenas_parlamentarias/wiki/Ena_Anglein_von_Baer_Jahn,von Baer Jahn Ena Anglein